LocationName,GeogDD,GeogDMS,UTM,MGRS
Mount Tallac,38.905984 -120.098975,38d 54' 21.54"N 120d 5' 56.31"W,10S 751560 4310345,
